model_key,model_label,records,layer,display_layer,reference_layer,method,control_scale,summary_path,complete,protocol,later_suppression_path_rate,later_enhancement_path_rate,later_target_any_path_rate,later_neighbor_damage_any_path_rate,later_capability_damage_any_path_rate,later_clean_suppression_path_rate,later_clean_enhancement_path_rate,later_clean_any_path_rate
qwen3_1_7b,Qwen3-1.7B-Base,500,-21,7,-21,random,1.0,/data/neural_controllers/pml/results/fresh_multidomain_3000/stage_activation_pml/replication_500_residual_rms_v2/qwen3_1_7b/outcome_analysis_later_strength/strict_later_outcome_summary.csv,True,residual_rms_reference_matching_dimension_corrected_v2,0.044,0.048,0.09,0.074,0.092,0.04,0.04,0.078
qwen3_1_7b,Qwen3-1.7B-Base,500,-21,7,-21,mean_difference,1.0,/data/neural_controllers/pml/results/fresh_multidomain_3000/stage_activation_pml/replication_500_residual_rms_v2/qwen3_1_7b/outcome_analysis_later_strength/strict_later_outcome_summary.csv,True,residual_rms_reference_matching_dimension_corrected_v2,0.052,0.074,0.126,0.082,0.102,0.044,0.072,0.116
qwen3_1_7b,Qwen3-1.7B-Base,500,-21,7,-21,logistic,1.0,/data/neural_controllers/pml/results/fresh_multidomain_3000/stage_activation_pml/replication_500_residual_rms_v2/qwen3_1_7b/outcome_analysis_later_strength/strict_later_outcome_summary.csv,True,residual_rms_reference_matching_dimension_corrected_v2,0.068,0.062,0.128,0.08,0.086,0.066,0.056,0.12
qwen3_1_7b,Qwen3-1.7B-Base,500,-21,7,-21,rfm_agop_top1,1.0,/data/neural_controllers/pml/results/fresh_multidomain_3000/stage_activation_pml/replication_500_residual_rms_v2/qwen3_1_7b/outcome_analysis_later_strength/strict_later_outcome_summary.csv,True,residual_rms_reference_matching_dimension_corrected_v2,0.062,0.078,0.132,0.094,0.096,0.056,0.072,0.124
qwen3_1_7b,Qwen3-1.7B-Base,500,-17,11,-17,random,1.0,/data/neural_controllers/pml/results/fresh_multidomain_3000/stage_activation_pml/replication_500_residual_rms_v2/qwen3_1_7b/outcome_analysis_later_strength/strict_later_outcome_summary.csv,True,residual_rms_reference_matching_dimension_corrected_v2,0.048,0.048,0.096,0.076,0.09,0.048,0.044,0.092
qwen3_1_7b,Qwen3-1.7B-Base,500,-17,11,-17,mean_difference,1.0,/data/neural_controllers/pml/results/fresh_multidomain_3000/stage_activation_pml/replication_500_residual_rms_v2/qwen3_1_7b/outcome_analysis_later_strength/strict_later_outcome_summary.csv,True,residual_rms_reference_matching_dimension_corrected_v2,0.06,0.046,0.1,0.076,0.08,0.05,0.042,0.086
qwen3_1_7b,Qwen3-1.7B-Base,500,-17,11,-17,logistic,1.0,/data/neural_controllers/pml/results/fresh_multidomain_3000/stage_activation_pml/replication_500_residual_rms_v2/qwen3_1_7b/outcome_analysis_later_strength/strict_later_outcome_summary.csv,True,residual_rms_reference_matching_dimension_corrected_v2,0.058,0.064,0.122,0.078,0.074,0.056,0.058,0.114
qwen3_1_7b,Qwen3-1.7B-Base,500,-17,11,-17,rfm_agop_top1,1.0,/data/neural_controllers/pml/results/fresh_multidomain_3000/stage_activation_pml/replication_500_residual_rms_v2/qwen3_1_7b/outcome_analysis_later_strength/strict_later_outcome_summary.csv,True,residual_rms_reference_matching_dimension_corrected_v2,0.042,0.058,0.098,0.082,0.074,0.038,0.052,0.088
qwen3_5_2b_base,Qwen3.5-2B-Base,500,-18,6,-21,random,0.08801662710386975,/data/neural_controllers/pml/results/fresh_multidomain_3000/stage_activation_pml/replication_500_residual_rms_v2/qwen3_5_2b_base/outcome_analysis_later_strength/strict_later_outcome_summary.csv,True,residual_rms_reference_matching_dimension_corrected_v2,0.046,0.04,0.086,0.076,0.082,0.036,0.036,0.072
qwen3_5_2b_base,Qwen3.5-2B-Base,500,-18,6,-21,mean_difference,0.08801662710386975,/data/neural_controllers/pml/results/fresh_multidomain_3000/stage_activation_pml/replication_500_residual_rms_v2/qwen3_5_2b_base/outcome_analysis_later_strength/strict_later_outcome_summary.csv,True,residual_rms_reference_matching_dimension_corrected_v2,0.166,0.172,0.302,0.096,0.088,0.146,0.16,0.282
qwen3_5_2b_base,Qwen3.5-2B-Base,500,-18,6,-21,logistic,0.08801662710386975,/data/neural_controllers/pml/results/fresh_multidomain_3000/stage_activation_pml/replication_500_residual_rms_v2/qwen3_5_2b_base/outcome_analysis_later_strength/strict_later_outcome_summary.csv,True,residual_rms_reference_matching_dimension_corrected_v2,0.188,0.16,0.284,0.112,0.056,0.17,0.152,0.268
qwen3_5_2b_base,Qwen3.5-2B-Base,500,-18,6,-21,rfm_agop_top1,0.08801662710386975,/data/neural_controllers/pml/results/fresh_multidomain_3000/stage_activation_pml/replication_500_residual_rms_v2/qwen3_5_2b_base/outcome_analysis_later_strength/strict_later_outcome_summary.csv,True,residual_rms_reference_matching_dimension_corrected_v2,0.188,0.176,0.32,0.106,0.09,0.178,0.174,0.312
qwen3_5_2b_base,Qwen3.5-2B-Base,500,-15,9,-17,random,0.04088817789820022,/data/neural_controllers/pml/results/fresh_multidomain_3000/stage_activation_pml/replication_500_residual_rms_v2/qwen3_5_2b_base/outcome_analysis_later_strength/strict_later_outcome_summary.csv,True,residual_rms_reference_matching_dimension_corrected_v2,0.046,0.048,0.094,0.068,0.054,0.042,0.044,0.086
qwen3_5_2b_base,Qwen3.5-2B-Base,500,-15,9,-17,mean_difference,0.04088817789820022,/data/neural_controllers/pml/results/fresh_multidomain_3000/stage_activation_pml/replication_500_residual_rms_v2/qwen3_5_2b_base/outcome_analysis_later_strength/strict_later_outcome_summary.csv,True,residual_rms_reference_matching_dimension_corrected_v2,0.092,0.072,0.156,0.096,0.052,0.088,0.068,0.15
qwen3_5_2b_base,Qwen3.5-2B-Base,500,-15,9,-17,logistic,0.04088817789820022,/data/neural_controllers/pml/results/fresh_multidomain_3000/stage_activation_pml/replication_500_residual_rms_v2/qwen3_5_2b_base/outcome_analysis_later_strength/strict_later_outcome_summary.csv,True,residual_rms_reference_matching_dimension_corrected_v2,0.078,0.088,0.162,0.086,0.06,0.07,0.08,0.146
qwen3_5_2b_base,Qwen3.5-2B-Base,500,-15,9,-17,rfm_agop_top1,0.04088817789820022,/data/neural_controllers/pml/results/fresh_multidomain_3000/stage_activation_pml/replication_500_residual_rms_v2/qwen3_5_2b_base/outcome_analysis_later_strength/strict_later_outcome_summary.csv,True,residual_rms_reference_matching_dimension_corrected_v2,0.08,0.074,0.15,0.09,0.058,0.074,0.066,0.138
ministral_3_3b_base_2512,Ministral-3-3B-Base-2512,500,-20,6,-21,random,0.09115939759189703,/data/neural_controllers/pml/results/fresh_multidomain_3000/stage_activation_pml/replication_500_residual_rms_v2/ministral_3_3b_base_2512/outcome_analysis_later_strength/strict_later_outcome_summary.csv,True,residual_rms_reference_matching_dimension_corrected_v2,0.062,0.05,0.106,0.078,0.094,0.056,0.046,0.098
ministral_3_3b_base_2512,Ministral-3-3B-Base-2512,500,-20,6,-21,mean_difference,0.09115939759189703,/data/neural_controllers/pml/results/fresh_multidomain_3000/stage_activation_pml/replication_500_residual_rms_v2/ministral_3_3b_base_2512/outcome_analysis_later_strength/strict_later_outcome_summary.csv,True,residual_rms_reference_matching_dimension_corrected_v2,0.112,0.112,0.212,0.106,0.098,0.104,0.106,0.198
ministral_3_3b_base_2512,Ministral-3-3B-Base-2512,500,-20,6,-21,logistic,0.09115939759189703,/data/neural_controllers/pml/results/fresh_multidomain_3000/stage_activation_pml/replication_500_residual_rms_v2/ministral_3_3b_base_2512/outcome_analysis_later_strength/strict_later_outcome_summary.csv,True,residual_rms_reference_matching_dimension_corrected_v2,0.1,0.122,0.214,0.112,0.088,0.098,0.116,0.206
ministral_3_3b_base_2512,Ministral-3-3B-Base-2512,500,-20,6,-21,rfm_agop_top1,0.09115939759189703,/data/neural_controllers/pml/results/fresh_multidomain_3000/stage_activation_pml/replication_500_residual_rms_v2/ministral_3_3b_base_2512/outcome_analysis_later_strength/strict_later_outcome_summary.csv,True,residual_rms_reference_matching_dimension_corrected_v2,0.11,0.098,0.194,0.112,0.114,0.104,0.092,0.182
ministral_3_3b_base_2512,Ministral-3-3B-Base-2512,500,-16,10,-17,random,0.05160189195332803,/data/neural_controllers/pml/results/fresh_multidomain_3000/stage_activation_pml/replication_500_residual_rms_v2/ministral_3_3b_base_2512/outcome_analysis_later_strength/strict_later_outcome_summary.csv,True,residual_rms_reference_matching_dimension_corrected_v2,0.036,0.046,0.078,0.072,0.088,0.032,0.046,0.074
ministral_3_3b_base_2512,Ministral-3-3B-Base-2512,500,-16,10,-17,mean_difference,0.05160189195332803,/data/neural_controllers/pml/results/fresh_multidomain_3000/stage_activation_pml/replication_500_residual_rms_v2/ministral_3_3b_base_2512/outcome_analysis_later_strength/strict_later_outcome_summary.csv,True,residual_rms_reference_matching_dimension_corrected_v2,0.09,0.08,0.164,0.084,0.064,0.088,0.074,0.156
ministral_3_3b_base_2512,Ministral-3-3B-Base-2512,500,-16,10,-17,logistic,0.05160189195332803,/data/neural_controllers/pml/results/fresh_multidomain_3000/stage_activation_pml/replication_500_residual_rms_v2/ministral_3_3b_base_2512/outcome_analysis_later_strength/strict_later_outcome_summary.csv,True,residual_rms_reference_matching_dimension_corrected_v2,0.096,0.086,0.178,0.088,0.092,0.09,0.082,0.168
ministral_3_3b_base_2512,Ministral-3-3B-Base-2512,500,-16,10,-17,rfm_agop_top1,0.05160189195332803,/data/neural_controllers/pml/results/fresh_multidomain_3000/stage_activation_pml/replication_500_residual_rms_v2/ministral_3_3b_base_2512/outcome_analysis_later_strength/strict_later_outcome_summary.csv,True,residual_rms_reference_matching_dimension_corrected_v2,0.086,0.082,0.16,0.076,0.08,0.08,0.074,0.148
