model,target,feature_set,predictor,auroc
Qwen3-1.7B-Base,later_suppression_path,B,random_forest,0.6459995858292842
Qwen3-1.7B-Base,later_suppression_path,B+M,random_forest,0.630145179217392
Qwen3-1.7B-Base,later_suppression_path,B+M+L,random_forest,0.6060323691953756
Qwen3-1.7B-Base,later_suppression_path,B+M+L+R,logistic,0.7886262905955661
Qwen3-1.7B-Base,later_suppression_path,B+M+L+R,random_forest,0.8462960466903718
Qwen3-1.7B-Base,later_enhancement_path,B,random_forest,0.5959384203237056
Qwen3-1.7B-Base,later_enhancement_path,B+M,random_forest,0.605177882785186
Qwen3-1.7B-Base,later_enhancement_path,B+M+L,random_forest,0.6098871655280222
Qwen3-1.7B-Base,later_enhancement_path,B+M+L+R,logistic,0.8298246199947469
Qwen3-1.7B-Base,later_enhancement_path,B+M+L+R,random_forest,0.852942906572887
Qwen3-1.7B-Base,later_target_any_path,B,random_forest,0.6381754664292523
Qwen3-1.7B-Base,later_target_any_path,B+M,random_forest,0.6633645381384042
Qwen3-1.7B-Base,later_target_any_path,B+M+L,random_forest,0.6784811971593211
Qwen3-1.7B-Base,later_target_any_path,B+M+L+R,logistic,0.6339051148984952
Qwen3-1.7B-Base,later_target_any_path,B+M+L+R,random_forest,0.7976264959972765
Qwen3-1.7B-Base,later_neighbor_damage_any_path,B,random_forest,0.6051114722775801
Qwen3-1.7B-Base,later_neighbor_damage_any_path,B+M,random_forest,0.5765643293401111
Qwen3-1.7B-Base,later_neighbor_damage_any_path,B+M+L,random_forest,0.567630708518924
Qwen3-1.7B-Base,later_neighbor_damage_any_path,B+M+L+R,logistic,0.8405788316071721
Qwen3-1.7B-Base,later_neighbor_damage_any_path,B+M+L+R,random_forest,0.8396373431066803
Qwen3-1.7B-Base,later_capability_damage_any_path,B,random_forest,0.5542863913003926
Qwen3-1.7B-Base,later_capability_damage_any_path,B+M,random_forest,0.5374308833709088
Qwen3-1.7B-Base,later_capability_damage_any_path,B+M+L,random_forest,0.5350933588918508
Qwen3-1.7B-Base,later_capability_damage_any_path,B+M+L+R,logistic,0.8341376147545884
Qwen3-1.7B-Base,later_capability_damage_any_path,B+M+L+R,random_forest,0.8216920640250496
Qwen3-1.7B-Base,later_clean_suppression_path,B,random_forest,0.6300633966988993
Qwen3-1.7B-Base,later_clean_suppression_path,B+M,random_forest,0.6146950270723917
Qwen3-1.7B-Base,later_clean_suppression_path,B+M+L,random_forest,0.6162602317184928
Qwen3-1.7B-Base,later_clean_suppression_path,B+M+L+R,logistic,0.7826842661799454
Qwen3-1.7B-Base,later_clean_suppression_path,B+M+L+R,random_forest,0.8466230662396417
Qwen3-1.7B-Base,later_clean_enhancement_path,B,random_forest,0.5593001217820308
Qwen3-1.7B-Base,later_clean_enhancement_path,B+M,random_forest,0.5983136572936293
Qwen3-1.7B-Base,later_clean_enhancement_path,B+M+L,random_forest,0.6036520935046462
Qwen3-1.7B-Base,later_clean_enhancement_path,B+M+L+R,logistic,0.8156518122136044
Qwen3-1.7B-Base,later_clean_enhancement_path,B+M+L+R,random_forest,0.8347203170992292
Qwen3-1.7B-Base,later_clean_any_path,B,random_forest,0.6456536795249679
Qwen3-1.7B-Base,later_clean_any_path,B+M,random_forest,0.6701955931063714
Qwen3-1.7B-Base,later_clean_any_path,B+M+L,random_forest,0.6696015850347719
Qwen3-1.7B-Base,later_clean_any_path,B+M+L+R,logistic,0.6294399391147008
Qwen3-1.7B-Base,later_clean_any_path,B+M+L+R,random_forest,0.7829973776256643
Qwen3.5-2B-Base,later_suppression_path,B,random_forest,0.5830655358438255
Qwen3.5-2B-Base,later_suppression_path,B+M,random_forest,0.6451761330397263
Qwen3.5-2B-Base,later_suppression_path,B+M+L,random_forest,0.665400342158912
Qwen3.5-2B-Base,later_suppression_path,B+M+L+R,logistic,0.8012268893331557
Qwen3.5-2B-Base,later_suppression_path,B+M+L+R,random_forest,0.8225539452707065
Qwen3.5-2B-Base,later_enhancement_path,B,random_forest,0.6101862059088317
Qwen3.5-2B-Base,later_enhancement_path,B+M,random_forest,0.6640989809014655
Qwen3.5-2B-Base,later_enhancement_path,B+M+L,random_forest,0.6684340020543657
Qwen3.5-2B-Base,later_enhancement_path,B+M+L+R,logistic,0.8136768702754058
Qwen3.5-2B-Base,later_enhancement_path,B+M+L+R,random_forest,0.8355232441165091
Qwen3.5-2B-Base,later_target_any_path,B,random_forest,0.6144411372603826
Qwen3.5-2B-Base,later_target_any_path,B+M,random_forest,0.6842452043200687
Qwen3.5-2B-Base,later_target_any_path,B+M+L,random_forest,0.6951149055096254
Qwen3.5-2B-Base,later_target_any_path,B+M+L+R,logistic,0.6975472620817438
Qwen3.5-2B-Base,later_target_any_path,B+M+L+R,random_forest,0.7785172075698958
Qwen3.5-2B-Base,later_neighbor_damage_any_path,B,random_forest,0.4973773341137116
Qwen3.5-2B-Base,later_neighbor_damage_any_path,B+M,random_forest,0.4884048053581411
Qwen3.5-2B-Base,later_neighbor_damage_any_path,B+M+L,random_forest,0.4826694489215907
Qwen3.5-2B-Base,later_neighbor_damage_any_path,B+M+L+R,logistic,0.7695802293638875
Qwen3.5-2B-Base,later_neighbor_damage_any_path,B+M+L+R,random_forest,0.7717694427324299
Qwen3.5-2B-Base,later_capability_damage_any_path,B,random_forest,0.5148248250738557
Qwen3.5-2B-Base,later_capability_damage_any_path,B+M,random_forest,0.5101185522986738
Qwen3.5-2B-Base,later_capability_damage_any_path,B+M+L,random_forest,0.5319914919443868
Qwen3.5-2B-Base,later_capability_damage_any_path,B+M+L+R,logistic,0.8404764710839684
Qwen3.5-2B-Base,later_capability_damage_any_path,B+M+L+R,random_forest,0.8194593791435455
Qwen3.5-2B-Base,later_clean_suppression_path,B,random_forest,0.5714147150913409
Qwen3.5-2B-Base,later_clean_suppression_path,B+M,random_forest,0.6400034985912767
Qwen3.5-2B-Base,later_clean_suppression_path,B+M+L,random_forest,0.6646050958666857
Qwen3.5-2B-Base,later_clean_suppression_path,B+M+L+R,logistic,0.8013231524865292
Qwen3.5-2B-Base,later_clean_suppression_path,B+M+L+R,random_forest,0.8211558743970127
Qwen3.5-2B-Base,later_clean_enhancement_path,B,random_forest,0.6113515733767609
Qwen3.5-2B-Base,later_clean_enhancement_path,B+M,random_forest,0.6548610519248287
Qwen3.5-2B-Base,later_clean_enhancement_path,B+M+L,random_forest,0.6696870103411212
Qwen3.5-2B-Base,later_clean_enhancement_path,B+M+L+R,logistic,0.8120973834795693
Qwen3.5-2B-Base,later_clean_enhancement_path,B+M+L+R,random_forest,0.8233347463347405
Qwen3.5-2B-Base,later_clean_any_path,B,random_forest,0.6049818818833237
Qwen3.5-2B-Base,later_clean_any_path,B+M,random_forest,0.681427293381262
Qwen3.5-2B-Base,later_clean_any_path,B+M+L,random_forest,0.6959823410431032
Qwen3.5-2B-Base,later_clean_any_path,B+M+L+R,logistic,0.7013225607901887
Qwen3.5-2B-Base,later_clean_any_path,B+M+L+R,random_forest,0.7704539095441978
Ministral-3-3B-Base,later_suppression_path,B,random_forest,0.5440221665139713
Ministral-3-3B-Base,later_suppression_path,B+M,random_forest,0.5859279968403159
Ministral-3-3B-Base,later_suppression_path,B+M+L,random_forest,0.6139468635209355
Ministral-3-3B-Base,later_suppression_path,B+M+L+R,logistic,0.7773518573661516
Ministral-3-3B-Base,later_suppression_path,B+M+L+R,random_forest,0.7895496400457966
Ministral-3-3B-Base,later_enhancement_path,B,random_forest,0.6038579919877227
Ministral-3-3B-Base,later_enhancement_path,B+M,random_forest,0.6307071345893609
Ministral-3-3B-Base,later_enhancement_path,B+M+L,random_forest,0.6519387489437043
Ministral-3-3B-Base,later_enhancement_path,B+M+L+R,logistic,0.7819292690247176
Ministral-3-3B-Base,later_enhancement_path,B+M+L+R,random_forest,0.8071916850180815
Ministral-3-3B-Base,later_target_any_path,B,random_forest,0.6386583770544582
Ministral-3-3B-Base,later_target_any_path,B+M,random_forest,0.6670757692166525
Ministral-3-3B-Base,later_target_any_path,B+M+L,random_forest,0.6872522673007477
Ministral-3-3B-Base,later_target_any_path,B+M+L+R,logistic,0.6884708548111865
Ministral-3-3B-Base,later_target_any_path,B+M+L+R,random_forest,0.7747415200836871
Ministral-3-3B-Base,later_neighbor_damage_any_path,B,random_forest,0.5530717769371243
Ministral-3-3B-Base,later_neighbor_damage_any_path,B+M,random_forest,0.5558340088012905
Ministral-3-3B-Base,later_neighbor_damage_any_path,B+M+L,random_forest,0.5637550152671755
Ministral-3-3B-Base,later_neighbor_damage_any_path,B+M+L+R,logistic,0.8201941293625303
Ministral-3-3B-Base,later_neighbor_damage_any_path,B+M+L+R,random_forest,0.8201188368920429
Ministral-3-3B-Base,later_capability_damage_any_path,B,random_forest,0.6117334981538823
Ministral-3-3B-Base,later_capability_damage_any_path,B+M,random_forest,0.6031038918672124
Ministral-3-3B-Base,later_capability_damage_any_path,B+M+L,random_forest,0.6036573829671211
Ministral-3-3B-Base,later_capability_damage_any_path,B+M+L+R,logistic,0.8317774256781905
Ministral-3-3B-Base,later_capability_damage_any_path,B+M+L+R,random_forest,0.8341993004622219
Ministral-3-3B-Base,later_clean_suppression_path,B,random_forest,0.5279140196666985
Ministral-3-3B-Base,later_clean_suppression_path,B+M,random_forest,0.5766271059684074
Ministral-3-3B-Base,later_clean_suppression_path,B+M+L,random_forest,0.6199797463612566
Ministral-3-3B-Base,later_clean_suppression_path,B+M+L+R,logistic,0.7829506997127262
Ministral-3-3B-Base,later_clean_suppression_path,B+M+L+R,random_forest,0.7962091012167711
Ministral-3-3B-Base,later_clean_enhancement_path,B,random_forest,0.6294584846516165
Ministral-3-3B-Base,later_clean_enhancement_path,B+M,random_forest,0.6331232232234089
Ministral-3-3B-Base,later_clean_enhancement_path,B+M+L,random_forest,0.6595654112035907
Ministral-3-3B-Base,later_clean_enhancement_path,B+M+L+R,logistic,0.7833472854470239
Ministral-3-3B-Base,later_clean_enhancement_path,B+M+L+R,random_forest,0.8161717851915912
Ministral-3-3B-Base,later_clean_any_path,B,random_forest,0.6336488969443665
Ministral-3-3B-Base,later_clean_any_path,B+M,random_forest,0.667330622415177
Ministral-3-3B-Base,later_clean_any_path,B+M+L,random_forest,0.6927936632618407
Ministral-3-3B-Base,later_clean_any_path,B+M+L+R,logistic,0.695228897182729
Ministral-3-3B-Base,later_clean_any_path,B+M+L+R,random_forest,0.7696654061370066
