model,layer,relative_depth,depth_order,method,method_order,target_rate_percent,collateral_rate_percent
Qwen3-1.7B-Base,7,25.925925925925927,0,mean_difference,0,12.6,9.2
Qwen3-1.7B-Base,7,25.925925925925927,0,logistic,1,12.8,8.299999999999999
Qwen3-1.7B-Base,7,25.925925925925927,0,rfm_agop_top1,2,13.200000000000001,9.5
Qwen3-1.7B-Base,11,40.74074074074074,1,mean_difference,0,10.0,7.8
Qwen3-1.7B-Base,11,40.74074074074074,1,logistic,1,12.2,7.6
Qwen3-1.7B-Base,11,40.74074074074074,1,rfm_agop_top1,2,9.8,7.8
Qwen3.5-2B-Base,6,26.08695652173913,0,mean_difference,0,30.2,9.2
Qwen3.5-2B-Base,6,26.08695652173913,0,logistic,1,28.4,8.4
Qwen3.5-2B-Base,6,26.08695652173913,0,rfm_agop_top1,2,32.0,9.8
Qwen3.5-2B-Base,9,39.130434782608695,1,mean_difference,0,15.6,7.3999999999999995
Qwen3.5-2B-Base,9,39.130434782608695,1,logistic,1,16.2,7.3
Qwen3.5-2B-Base,9,39.130434782608695,1,rfm_agop_top1,2,15.0,7.3999999999999995
Ministral-3-3B-Base-2512,6,24.0,0,mean_difference,0,21.2,10.200000000000001
Ministral-3-3B-Base-2512,6,24.0,0,logistic,1,21.4,10.0
Ministral-3-3B-Base-2512,6,24.0,0,rfm_agop_top1,2,19.400000000000002,11.3
Ministral-3-3B-Base-2512,10,40.0,1,mean_difference,0,16.400000000000002,7.400000000000001
Ministral-3-3B-Base-2512,10,40.0,1,logistic,1,17.8,9.0
Ministral-3-3B-Base-2512,10,40.0,1,rfm_agop_top1,2,16.0,7.8
