model,layer,method,delta_target_points,delta_collateral_points
Qwen3-1.7B-Base,7,mean_difference,3.6000000000000005,0.9000000000000001
Qwen3-1.7B-Base,7,logistic,3.8000000000000007,-6.938893903907228e-16
Qwen3-1.7B-Base,7,rfm_agop_top1,4.200000000000001,1.2000000000000004
Qwen3-1.7B-Base,11,mean_difference,0.40000000000000036,-0.4999999999999998
Qwen3-1.7B-Base,11,logistic,2.5999999999999996,-0.7
Qwen3-1.7B-Base,11,rfm_agop_top1,0.20000000000000018,-0.4999999999999998
Qwen3.5-2B-Base,6,mean_difference,21.6,1.2999999999999998
Qwen3.5-2B-Base,6,logistic,19.799999999999997,0.5000000000000004
Qwen3.5-2B-Base,6,rfm_agop_top1,23.400000000000002,1.9000000000000004
Qwen3.5-2B-Base,9,mean_difference,6.2,1.2999999999999994
Qwen3.5-2B-Base,9,logistic,6.800000000000001,1.1999999999999993
Qwen3.5-2B-Base,9,rfm_agop_top1,5.6,1.2999999999999994
Ministral-3-3B-Base-2512,6,mean_difference,10.6,1.6
Ministral-3-3B-Base-2512,6,logistic,10.8,1.4000000000000006
Ministral-3-3B-Base-2512,6,rfm_agop_top1,8.8,2.700000000000001
Ministral-3-3B-Base-2512,10,mean_difference,8.600000000000001,-0.5999999999999984
Ministral-3-3B-Base-2512,10,logistic,10.0,1.0000000000000002
Ministral-3-3B-Base-2512,10,rfm_agop_top1,8.200000000000001,-0.19999999999999948
