model,layer,method,target_points,collateral_points
Qwen3-1.7B-Base,7,random,9.0,8.299999999999999
Qwen3-1.7B-Base,7,mean_difference,12.6,9.2
Qwen3-1.7B-Base,7,logistic,12.8,8.299999999999999
Qwen3-1.7B-Base,7,rfm_agop_top1,13.200000000000001,9.5
Qwen3-1.7B-Base,11,random,9.6,8.299999999999999
Qwen3-1.7B-Base,11,mean_difference,10.0,7.8
Qwen3-1.7B-Base,11,logistic,12.2,7.6
Qwen3-1.7B-Base,11,rfm_agop_top1,9.8,7.8
Qwen3.5-2B-Base,6,random,8.6,7.9
Qwen3.5-2B-Base,6,mean_difference,30.2,9.2
Qwen3.5-2B-Base,6,logistic,28.4,8.4
Qwen3.5-2B-Base,6,rfm_agop_top1,32.0,9.8
Qwen3.5-2B-Base,9,random,9.4,6.1
Qwen3.5-2B-Base,9,mean_difference,15.6,7.3999999999999995
Qwen3.5-2B-Base,9,logistic,16.2,7.3
Qwen3.5-2B-Base,9,rfm_agop_top1,15.0,7.3999999999999995
Ministral-3-3B-Base-2512,6,random,10.6,8.6
Ministral-3-3B-Base-2512,6,mean_difference,21.2,10.200000000000001
Ministral-3-3B-Base-2512,6,logistic,21.4,10.0
Ministral-3-3B-Base-2512,6,rfm_agop_top1,19.400000000000002,11.3
Ministral-3-3B-Base-2512,10,random,7.8,7.999999999999999
Ministral-3-3B-Base-2512,10,mean_difference,16.400000000000002,7.400000000000001
Ministral-3-3B-Base-2512,10,logistic,17.8,9.0
Ministral-3-3B-Base-2512,10,rfm_agop_top1,16.0,7.8
