method,layer,n_rows,later_suppression_path_rate,later_enhancement_path_rate,later_target_any_path_rate,later_neighbor_damage_any_path_rate,later_capability_damage_any_path_rate,later_clean_suppression_path_rate,later_clean_enhancement_path_rate,later_clean_any_path_rate,suppression_success_medium_rate,enhancement_success_medium_rate,clean_suppression_medium_rate,clean_enhancement_medium_rate
linear,-21,3000,0.058,0.062,0.1163333333333333,0.0883333333333333,0.0843333333333333,0.0516666666666666,0.0603333333333333,0.1083333333333333,0.0406666666666666,0.042,0.0363333333333333,0.041
linear,-17,3000,0.0533333333333333,0.0513333333333333,0.1023333333333333,0.068,0.071,0.0503333333333333,0.0486666666666666,0.0966666666666666,0.0376666666666666,0.0366666666666666,0.035,0.0343333333333333
logistic,-21,3000,0.067,0.0606666666666666,0.1236666666666666,0.0906666666666666,0.09,0.0626666666666666,0.0566666666666666,0.1163333333333333,0.0446666666666666,0.045,0.041,0.042
logistic,-17,3000,0.0573333333333333,0.0566666666666666,0.1123333333333333,0.0743333333333333,0.0706666666666666,0.054,0.0536666666666666,0.106,0.0373333333333333,0.035,0.0353333333333333,0.034
matched_norm_random,-21,3000,0.0506666666666666,0.0466666666666666,0.0953333333333333,0.082,0.082,0.0473333333333333,0.043,0.0886666666666666,0.0343333333333333,0.027,0.0326666666666666,0.0243333333333333
matched_norm_random,-17,3000,0.0466666666666666,0.0423333333333333,0.088,0.0703333333333333,0.071,0.0453333333333333,0.0383333333333333,0.0826666666666666,0.0276666666666666,0.03,0.027,0.027
mean_difference,-21,3000,0.0613333333333333,0.07,0.1283333333333333,0.0786666666666666,0.082,0.056,0.0673333333333333,0.1203333333333333,0.0423333333333333,0.0503333333333333,0.0393333333333333,0.0486666666666666
mean_difference,-17,3000,0.062,0.053,0.1133333333333333,0.0783333333333333,0.0706666666666666,0.0563333333333333,0.051,0.1056666666666666,0.041,0.0383333333333333,0.0363333333333333,0.0363333333333333
random,-21,3000,0.0506666666666666,0.0466666666666666,0.0953333333333333,0.082,0.082,0.0473333333333333,0.043,0.0886666666666666,0.0343333333333333,0.027,0.0326666666666666,0.0243333333333333
random,-17,3000,0.0466666666666666,0.0423333333333333,0.088,0.0703333333333333,0.071,0.0453333333333333,0.0383333333333333,0.0826666666666666,0.0276666666666666,0.03,0.027,0.027
rfm_agop_top1,-21,3000,0.0706666666666666,0.064,0.131,0.085,0.0896666666666666,0.065,0.0606666666666666,0.123,0.0473333333333333,0.0433333333333333,0.0426666666666666,0.0406666666666666
rfm_agop_top1,-17,3000,0.0506666666666666,0.0533333333333333,0.1023333333333333,0.0753333333333333,0.072,0.0483333333333333,0.0506666666666666,0.0973333333333333,0.0336666666666666,0.0373333333333333,0.031,0.036
