method,layer,metric,metric_label,n_records,difference,ci_lower,ci_upper,n_resamples
mean_difference,-21,later_target_any_path,Target-any,3000,0.033,0.02033333333333333,0.04633333333333333,10000
mean_difference,-21,later_clean_any_path,Clean-any,3000,0.03166666666666667,0.019333333333333334,0.044333333333333336,10000
mean_difference,-21,later_neighbor_damage_any_path,Neighbor damage,3000,-0.0033333333333333335,-0.013333333333333334,0.006666666666666667,10000
mean_difference,-21,later_capability_damage_any_path,Capability damage,3000,0.0,-0.010666666666666666,0.010666666666666666,10000
linear,-21,later_target_any_path,Target-any,3000,0.021,0.008,0.033666666666666664,10000
linear,-21,later_clean_any_path,Clean-any,3000,0.019666666666666666,0.007,0.032,10000
linear,-21,later_neighbor_damage_any_path,Neighbor damage,3000,0.006333333333333333,-0.004333333333333333,0.017,10000
linear,-21,later_capability_damage_any_path,Capability damage,3000,0.0023333333333333335,-0.008666666666666666,0.013333333333333334,10000
logistic,-21,later_target_any_path,Target-any,3000,0.028333333333333332,0.015666666666666666,0.04133333333333333,10000
logistic,-21,later_clean_any_path,Clean-any,3000,0.027666666666666666,0.015,0.04033333333333333,10000
logistic,-21,later_neighbor_damage_any_path,Neighbor damage,3000,0.008666666666666666,-0.0016666666666666668,0.019,10000
logistic,-21,later_capability_damage_any_path,Capability damage,3000,0.008,-0.0033416666666666595,0.019,10000
rfm_agop_top1,-21,later_target_any_path,Target-any,3000,0.035666666666666666,0.02266666666666667,0.048666666666666664,10000
rfm_agop_top1,-21,later_clean_any_path,Clean-any,3000,0.034333333333333334,0.021333333333333333,0.04766666666666667,10000
rfm_agop_top1,-21,later_neighbor_damage_any_path,Neighbor damage,3000,0.003,-0.007333333333333333,0.013333333333333334,10000
rfm_agop_top1,-21,later_capability_damage_any_path,Capability damage,3000,0.007666666666666666,-0.004,0.019333333333333334,10000
mean_difference,-17,later_target_any_path,Target-any,3000,0.025333333333333333,0.012333333333333333,0.038,10000
mean_difference,-17,later_clean_any_path,Clean-any,3000,0.023,0.010333333333333333,0.035333333333333335,10000
mean_difference,-17,later_neighbor_damage_any_path,Neighbor damage,3000,0.008,-0.0016666666666666668,0.018,10000
mean_difference,-17,later_capability_damage_any_path,Capability damage,3000,-0.0003333333333333333,-0.010333333333333333,0.009666666666666667,10000
linear,-17,later_target_any_path,Target-any,3000,0.014333333333333333,0.0023333333333333335,0.02666666666666667,10000
linear,-17,later_clean_any_path,Clean-any,3000,0.014,0.002,0.025666666666666667,10000
linear,-17,later_neighbor_damage_any_path,Neighbor damage,3000,-0.0023333333333333335,-0.012,0.007,10000
linear,-17,later_capability_damage_any_path,Capability damage,3000,0.0,-0.01,0.009666666666666667,10000
logistic,-17,later_target_any_path,Target-any,3000,0.024333333333333332,0.012,0.037,10000
logistic,-17,later_clean_any_path,Clean-any,3000,0.023333333333333334,0.011,0.035666666666666666,10000
logistic,-17,later_neighbor_damage_any_path,Neighbor damage,3000,0.004,-0.005666666666666667,0.013666666666666667,10000
logistic,-17,later_capability_damage_any_path,Capability damage,3000,-0.0003333333333333333,-0.010333333333333333,0.009666666666666667,10000
rfm_agop_top1,-17,later_target_any_path,Target-any,3000,0.014333333333333333,0.0023333333333333335,0.02666666666666667,10000
rfm_agop_top1,-17,later_clean_any_path,Clean-any,3000,0.014666666666666666,0.0026666666666666666,0.02666666666666667,10000
rfm_agop_top1,-17,later_neighbor_damage_any_path,Neighbor damage,3000,0.005,-0.005,0.015,10000
rfm_agop_top1,-17,later_capability_damage_any_path,Capability damage,3000,0.001,-0.009333333333333334,0.011666666666666667,10000
