split,feature_set,auroc_mean,average_precision_mean,brier_mean
dataset,B+M,0.6447153716299001,0.1293717751997735,0.06958623753182216
dataset,B+M+L,0.6440378628634372,0.12581640632588031,0.0674352585155606
dataset,B+M+L+R,0.8427884759430738,0.3065126766631001,0.05603751335596256
dataset,B+M+R,0.8407441447668709,0.3046166978801022,0.056597860126152935
dataset,M+R,0.8364393098237223,0.32183213493773477,0.06296299318784314
domain,B+M,0.6416086291956632,0.12481291451758567,0.0711693932513802
domain,B+M+L,0.6407104647115425,0.12308469807050032,0.06901888627060736
domain,B+M+L+R,0.8396392520530652,0.3039898541679122,0.05713839476181046
domain,B+M+R,0.8377157863980594,0.3029239514996127,0.05774626662552925
domain,M+R,0.8306637578384447,0.31648833838306556,0.06438285315504053
record,B+M,0.6856569870586843,0.14381604593673766,0.075979025897796
record,B+M+L,0.6880316516628922,0.14536141214528914,0.07314025830787807
record,B+M+L+R,0.8488890915153399,0.3354726570218438,0.0609014082046032
record,B+M+R,0.8478029965469692,0.33300782197748063,0.0613878958951592
record,M+R,0.8409470420041188,0.3450680703496401,0.06991237680263265
