task,regime,feature_set,model,n_train_rows,n_train_records,n_validation_rows,n_validation_records,n_features,clean_auroc,clean_average_precision,utility_mae,utility_r2
dense_only__BMAR__hist_gbdt,dense_only,BMAR,hist_gbdt,234000,500,23400,100,38,0.8399756586194151,0.3141636242276316,0.07358801169364443,0.26136625471501085
dense_only__BMAR__linear,dense_only,BMAR,linear,234000,500,23400,100,38,0.6008926687620002,0.09810800244195059,0.0829148987178488,0.07282610747606222
dense_only__BMA__hist_gbdt,dense_only,BMA,hist_gbdt,234000,500,23400,100,27,0.6143341953972694,0.08839700950501289,0.08921080961623701,-0.0433092952838281
dense_only__BMA__linear,dense_only,BMA,linear,234000,500,23400,100,27,0.5830451868029841,0.08560358604937147,0.08648084440954863,-0.0023806936127375167
dense_only__BMLAR__hist_gbdt,dense_only,BMLAR,hist_gbdt,234000,500,23400,100,45,0.8371646878437341,0.2897170518820035,0.07351398833338131,0.262580635088281
dense_only__BMLAR__linear,dense_only,BMLAR,linear,234000,500,23400,100,45,0.6029780026896793,0.09409487316400797,0.0828504041279992,0.07386177936427096
dense_only__MAR__hist_gbdt,dense_only,MAR,hist_gbdt,234000,500,23400,100,21,0.8505322289514103,0.32273251538606545,0.07254597099412423,0.27888043138102747
dense_only__MAR__linear,dense_only,MAR,linear,234000,500,23400,100,21,0.598609803416122,0.11113462986880535,0.08255349634621134,0.08157728189142899
multifidelity__BMAR__hist_gbdt,multifidelity,BMAR,hist_gbdt,320400,2900,23400,100,38,0.8452110044880885,0.3242681899728573,0.07289441568841258,0.27484876166281014
multifidelity__BMAR__linear,multifidelity,BMAR,linear,320400,2900,23400,100,38,0.6050560232686615,0.10165496681345648,0.08336108895200811,0.0656576419026057
multifidelity__BMA__hist_gbdt,multifidelity,BMA,hist_gbdt,320400,2900,23400,100,27,0.6097774288829204,0.0868302061322554,0.08836848004409777,-0.031403682576085945
multifidelity__BMA__linear,multifidelity,BMA,linear,320400,2900,23400,100,27,0.5915943494227833,0.09219548514611069,0.08673532674419704,-0.0046634891313244164
multifidelity__BMLAR__hist_gbdt,multifidelity,BMLAR,hist_gbdt,320400,2900,23400,100,45,0.8421371614287883,0.3198766158578762,0.07292004882469655,0.27318296700223343
multifidelity__BMLAR__linear,multifidelity,BMLAR,linear,320400,2900,23400,100,45,0.6079705702328034,0.09531453365813294,0.0833102502897567,0.06603133165371067
multifidelity__MAR__hist_gbdt,multifidelity,MAR,hist_gbdt,320400,2900,23400,100,21,0.8494274162744943,0.3228251386050243,0.07244020330682376,0.28090506453279107
multifidelity__MAR__linear,multifidelity,MAR,linear,320400,2900,23400,100,21,0.5983054829062723,0.103689581080267,0.08270801126132071,0.08070550104053453
