regime,feature_set,model,direction,n_groups,clean_rate,target_success_rate,neighbor_damage_rate,capability_damage_rate,utility_mean,regret_mean,abstention_rate,mean_abs_alpha,oracle_clean_rate,oracle_utility_mean
fixed,none,fixed_-0.25,suppression,900,0.0444444444444444,0.05,0.0466666666666666,0.0055555555555555,-0.0591235033045867,,0.0,0.25,,
fixed,none,fixed_-0.5,suppression,900,0.0555555555555555,0.0566666666666666,0.0411111111111111,0.0044444444444444,-0.0551710916098845,,0.0,0.5,,
fixed,none,fixed_-1,suppression,900,0.0977777777777777,0.1111111111111111,0.06,0.0155555555555555,-0.0410878831210882,,0.0,1.0,,
fixed,none,fixed_0.25,enhancement,900,0.0477777777777777,0.0555555555555555,0.0511111111111111,0.0077777777777777,-0.0510427466636152,,0.0,0.25,,
fixed,none,fixed_0.5,enhancement,900,0.0644444444444444,0.0733333333333333,0.0466666666666666,0.0033333333333333,-0.0377357597500344,,0.0,0.5,,
fixed,none,fixed_1,enhancement,900,0.1188888888888888,0.13,0.0522222222222222,0.0033333333333333,-0.0258661844489526,,0.0,1.0,,
dense_only,BMAR,hist_gbdt,enhancement,900,0.1033333333333333,0.1122222222222222,0.0255555555555555,0.0011111111111111,0.0088363784468405,0.0798919585263528,0.4666666666666667,0.3555333333333333,0.26,0.0887283369731933
dense_only,BMAR,hist_gbdt,suppression,900,0.0966666666666666,0.0988888888888888,0.0177777777777777,0.0,0.0122346976160985,0.0721460234118987,0.4988888888888889,0.3227555555555555,0.2322222222222222,0.0843807210279973
dense_only,BMAR,linear,enhancement,900,0.0933333333333333,0.0966666666666666,0.0233333333333333,0.0,-0.0086989171692618,0.0974272541424552,0.27,0.73,0.26,0.0887283369731933
dense_only,BMAR,linear,suppression,900,0.0588888888888888,0.0644444444444444,0.0211111111111111,0.0066666666666666,-0.0111621980517197,0.095542919079717,0.4077777777777778,0.5922222222222222,0.2322222222222222,0.0843807210279973
dense_only,BMA,hist_gbdt,enhancement,900,0.0855555555555555,0.0933333333333333,0.0333333333333333,0.0,-0.006236511248,0.0949648482211934,0.4055555555555555,0.4946333333333333,0.26,0.0887283369731933
dense_only,BMA,hist_gbdt,suppression,900,0.05,0.0533333333333333,0.0277777777777777,0.0022222222222222,-0.0103592572243737,0.094739978252371,0.5788888888888889,0.3685888888888889,0.2322222222222222,0.0843807210279973
dense_only,BMA,linear,enhancement,900,0.1188888888888888,0.13,0.0488888888888888,0.0033333333333333,-0.0244892182550824,0.1132175552282757,0.0088888888888888,0.9911111111111112,0.26,0.0887283369731933
dense_only,BMA,linear,suppression,900,0.0888888888888888,0.1011111111111111,0.0522222222222222,0.0122222222222222,-0.0323834254159764,0.1167641464439737,0.1455555555555555,0.8544444444444445,0.2322222222222222,0.0843807210279973
dense_only,BMLAR,hist_gbdt,enhancement,900,0.1033333333333333,0.1111111111111111,0.0244444444444444,0.0,0.0077904127047966,0.0809379242683967,0.4433333333333333,0.3601666666666666,0.26,0.0887283369731933
dense_only,BMLAR,hist_gbdt,suppression,900,0.1,0.1033333333333333,0.02,0.0011111111111111,0.0130647922801802,0.071315928747817,0.4911111111111111,0.3403555555555555,0.2322222222222222,0.0843807210279973
dense_only,BMLAR,linear,enhancement,900,0.0988888888888888,0.1033333333333333,0.0244444444444444,0.0,-0.008203816181911,0.0969321531551044,0.2666666666666666,0.7333333333333333,0.26,0.0887283369731933
dense_only,BMLAR,linear,suppression,900,0.0622222222222222,0.0677777777777777,0.02,0.0055555555555555,-0.0095733810848064,0.0939541021128037,0.4133333333333333,0.5866666666666667,0.2322222222222222,0.0843807210279973
dense_only,MAR,hist_gbdt,enhancement,900,0.1088888888888888,0.1166666666666666,0.0244444444444444,0.0,0.007985092279872,0.0807432446933213,0.4066666666666667,0.382611111111111,0.26,0.0887283369731933
dense_only,MAR,hist_gbdt,suppression,900,0.1055555555555555,0.1111111111111111,0.0155555555555555,0.0022222222222222,0.0132229730781788,0.0711577479498184,0.4733333333333333,0.3216444444444444,0.2322222222222222,0.0843807210279973
dense_only,MAR,linear,enhancement,900,0.1022222222222222,0.1077777777777777,0.0244444444444444,0.0,-0.0094365065382724,0.0981648435114658,0.2233333333333333,0.7766666666666666,0.26,0.0887283369731933
dense_only,MAR,linear,suppression,900,0.0622222222222222,0.0666666666666666,0.0188888888888888,0.0066666666666666,-0.0117981377637436,0.0961788587917409,0.3966666666666666,0.6033333333333334,0.2322222222222222,0.0843807210279973
multifidelity,BMAR,hist_gbdt,enhancement,900,0.1122222222222222,0.1188888888888888,0.0244444444444444,0.0011111111111111,0.0095171713849305,0.0792111655882628,0.4222222222222222,0.3875111111111111,0.26,0.0887283369731933
multifidelity,BMAR,hist_gbdt,suppression,900,0.11,0.1133333333333333,0.0177777777777777,0.0,0.0121920706554643,0.0721886503725329,0.4833333333333333,0.3475999999999999,0.2322222222222222,0.0843807210279973
multifidelity,BMAR,linear,enhancement,900,0.0966666666666666,0.1022222222222222,0.0266666666666666,0.0,-0.0079864412575477,0.0967147782307411,0.2688888888888889,0.7311111111111112,0.26,0.0887283369731933
multifidelity,BMAR,linear,suppression,900,0.0577777777777777,0.0622222222222222,0.0233333333333333,0.0044444444444444,-0.0101738106429844,0.0945545316709817,0.4355555555555555,0.5644444444444444,0.2322222222222222,0.0843807210279973
multifidelity,BMA,hist_gbdt,enhancement,900,0.0788888888888888,0.0866666666666666,0.0422222222222222,0.0011111111111111,-0.0167616325508182,0.1054899695240116,0.3122222222222222,0.5588666666666667,0.26,0.0887283369731933
multifidelity,BMA,hist_gbdt,suppression,900,0.06,0.0655555555555555,0.0366666666666666,0.0044444444444444,-0.0184154560157589,0.1027961770437562,0.4466666666666666,0.4529888888888889,0.2322222222222222,0.0843807210279973
multifidelity,BMA,linear,enhancement,900,0.1177777777777777,0.1288888888888889,0.0488888888888888,0.0033333333333333,-0.0245475976146257,0.1132759345878191,0.02,0.98,0.26,0.0887283369731933
multifidelity,BMA,linear,suppression,900,0.0844444444444444,0.0955555555555555,0.0522222222222222,0.0122222222222222,-0.0345494817082416,0.1189302027362389,0.1322222222222222,0.8677777777777778,0.2322222222222222,0.0843807210279973
multifidelity,BMLAR,hist_gbdt,enhancement,900,0.1133333333333333,0.1211111111111111,0.0255555555555555,0.0011111111111111,0.009685053172892,0.0790432838003012,0.4166666666666667,0.3867222222222222,0.26,0.0887283369731933
multifidelity,BMLAR,hist_gbdt,suppression,900,0.0977777777777777,0.0988888888888888,0.0188888888888888,0.0,0.0105461462711725,0.0738345747568247,0.4711111111111111,0.3506888888888889,0.2322222222222222,0.0843807210279973
multifidelity,BMLAR,linear,enhancement,900,0.1,0.1055555555555555,0.0266666666666666,0.0,-0.0074742522295909,0.0962025892027843,0.2722222222222222,0.7277777777777777,0.26,0.0887283369731933
multifidelity,BMLAR,linear,suppression,900,0.0577777777777777,0.0622222222222222,0.0222222222222222,0.0033333333333333,-0.0092352835061589,0.0936160045341562,0.4533333333333333,0.5466666666666666,0.2322222222222222,0.0843807210279973
multifidelity,MAR,hist_gbdt,enhancement,900,0.1166666666666666,0.1222222222222222,0.0222222222222222,0.0011111111111111,0.0081381936524175,0.0805901433207758,0.3911111111111111,0.4044444444444444,0.26,0.0887283369731933
multifidelity,MAR,hist_gbdt,suppression,900,0.1155555555555555,0.12,0.0177777777777777,0.0044444444444444,0.0134360857328606,0.0709446352951366,0.4544444444444444,0.3538333333333333,0.2322222222222222,0.0843807210279973
multifidelity,MAR,linear,enhancement,900,0.0966666666666666,0.1,0.0211111111111111,0.0,-0.0077406662952637,0.0964690032684571,0.27,0.73,0.26,0.0887283369731933
multifidelity,MAR,linear,suppression,900,0.0522222222222222,0.0555555555555555,0.0177777777777777,0.0055555555555555,-0.011540806146912,0.0959215271749093,0.46,0.54,0.2322222222222222,0.0843807210279973
