policy,baseline,direction,metric,n_records,n_paths,policy_mean,baseline_mean,difference,ci_low,ci_high
Dense-only M+A+R selector,No intervention,suppression,utility,100,900,0.013222973078178858,0.0,0.013222973078178858,0.003636122653239266,0.02312562926207167
Dense-only M+A+R selector,No intervention,suppression,is_clean,100,900,0.10555555555555556,0.0,0.10555555555555556,0.07111111111111111,0.1433333333333333
Dense-only M+A+R selector,No intervention,suppression,target_success,100,900,0.1111111111111111,0.0,0.1111111111111111,0.07333333333333333,0.1511111111111111
Dense-only M+A+R selector,No intervention,suppression,neighbor_damage,100,900,0.015555555555555555,0.0,0.015555555555555555,0.0044444444444444444,0.028888888888888888
Dense-only M+A+R selector,No intervention,suppression,capability_damage,100,900,0.0022222222222222222,0.0,0.0022222222222222222,0.0,0.005555555555555556
Dense-only M+A+R selector,No intervention,enhancement,utility,100,900,0.007985092279872062,0.0,0.007985092279872062,-0.0020714164016977427,0.0190166212000153
Dense-only M+A+R selector,No intervention,enhancement,is_clean,100,900,0.10888888888888888,0.0,0.10888888888888888,0.07444444444444444,0.14666666666666667
Dense-only M+A+R selector,No intervention,enhancement,target_success,100,900,0.11666666666666667,0.0,0.11666666666666667,0.0811111111111111,0.15555555555555556
Dense-only M+A+R selector,No intervention,enhancement,neighbor_damage,100,900,0.024444444444444446,0.0,0.024444444444444446,0.011111111111111112,0.04111111111111112
Dense-only M+A+R selector,No intervention,enhancement,capability_damage,100,900,0.0,0.0,0.0,0.0,0.0
Dense-only M+A+R selector,Train-tuned fixed alpha,suppression,utility,100,900,0.013222973078178858,-0.04108788312108824,0.0543108561992671,0.042845105848871745,0.06631633673953935
Dense-only M+A+R selector,Train-tuned fixed alpha,suppression,is_clean,100,900,0.10555555555555556,0.09777777777777778,0.0077777777777777776,-0.01333333333333333,0.028888888888888888
Dense-only M+A+R selector,Train-tuned fixed alpha,suppression,target_success,100,900,0.1111111111111111,0.1111111111111111,0.0,-0.024444444444444442,0.02333333333333333
Dense-only M+A+R selector,Train-tuned fixed alpha,suppression,neighbor_damage,100,900,0.015555555555555555,0.06,-0.044444444444444446,-0.06666666666666667,-0.025555555555555554
Dense-only M+A+R selector,Train-tuned fixed alpha,suppression,capability_damage,100,900,0.0022222222222222222,0.015555555555555555,-0.013333333333333334,-0.022222222222222223,-0.005555555555555556
Dense-only M+A+R selector,Train-tuned fixed alpha,enhancement,utility,100,900,0.007985092279872062,-0.025866184448952674,0.033851276728824736,0.024832225662233583,0.0441221428119353
Dense-only M+A+R selector,Train-tuned fixed alpha,enhancement,is_clean,100,900,0.10888888888888888,0.11888888888888889,-0.01,-0.025555555555555554,0.005555555555555556
Dense-only M+A+R selector,Train-tuned fixed alpha,enhancement,target_success,100,900,0.11666666666666667,0.13,-0.013333333333333334,-0.028916666666666663,0.003333333333333333
Dense-only M+A+R selector,Train-tuned fixed alpha,enhancement,neighbor_damage,100,900,0.024444444444444446,0.052222222222222225,-0.027777777777777776,-0.04666666666666666,-0.012222222222222223
Dense-only M+A+R selector,Train-tuned fixed alpha,enhancement,capability_damage,100,900,0.0,0.0033333333333333335,-0.0033333333333333335,-0.007777777777777777,0.0
Multi-fidelity M+A+R selector,No intervention,suppression,utility,100,900,0.013436085732860694,0.0,0.013436085732860694,0.0034073508499940417,0.024580520966064372
Multi-fidelity M+A+R selector,No intervention,suppression,is_clean,100,900,0.11555555555555555,0.0,0.11555555555555555,0.07777777777777778,0.15777777777777777
Multi-fidelity M+A+R selector,No intervention,suppression,target_success,100,900,0.12,0.0,0.12,0.08,0.16444444444444442
Multi-fidelity M+A+R selector,No intervention,suppression,neighbor_damage,100,900,0.017777777777777778,0.0,0.017777777777777778,0.007777777777777777,0.030000000000000006
Multi-fidelity M+A+R selector,No intervention,suppression,capability_damage,100,900,0.0044444444444444444,0.0,0.0044444444444444444,0.0011111111111111111,0.008888888888888889
Multi-fidelity M+A+R selector,No intervention,enhancement,utility,100,900,0.008138193652417544,0.0,0.008138193652417544,-0.0013711791316546363,0.019226633654706282
Multi-fidelity M+A+R selector,No intervention,enhancement,is_clean,100,900,0.11666666666666667,0.0,0.11666666666666667,0.07775,0.1611111111111111
Multi-fidelity M+A+R selector,No intervention,enhancement,target_success,100,900,0.12222222222222222,0.0,0.12222222222222222,0.08333333333333331,0.16666666666666663
Multi-fidelity M+A+R selector,No intervention,enhancement,neighbor_damage,100,900,0.022222222222222223,0.0,0.022222222222222223,0.01111111111111111,0.035555555555555556
Multi-fidelity M+A+R selector,No intervention,enhancement,capability_damage,100,900,0.0011111111111111111,0.0,0.0011111111111111111,0.0,0.003333333333333333
Multi-fidelity M+A+R selector,Train-tuned fixed alpha,suppression,utility,100,900,0.013436085732860694,-0.04108788312108824,0.05452396885394893,0.04350709314764845,0.06605798640121065
Multi-fidelity M+A+R selector,Train-tuned fixed alpha,suppression,is_clean,100,900,0.11555555555555555,0.09777777777777778,0.017777777777777778,-5.551115123125783e-19,0.03777777777777777
Multi-fidelity M+A+R selector,Train-tuned fixed alpha,suppression,target_success,100,900,0.12,0.1111111111111111,0.008888888888888889,-0.013333333333333332,0.030000000000000006
Multi-fidelity M+A+R selector,Train-tuned fixed alpha,suppression,neighbor_damage,100,900,0.017777777777777778,0.06,-0.042222222222222223,-0.0633611111111111,-0.023333333333333334
Multi-fidelity M+A+R selector,Train-tuned fixed alpha,suppression,capability_damage,100,900,0.0044444444444444444,0.015555555555555555,-0.011111111111111112,-0.02,-0.0044444444444444444
Multi-fidelity M+A+R selector,Train-tuned fixed alpha,enhancement,utility,100,900,0.008138193652417544,-0.025866184448952674,0.03400437810137021,0.024404326956625914,0.04412122198656961
Multi-fidelity M+A+R selector,Train-tuned fixed alpha,enhancement,is_clean,100,900,0.11666666666666667,0.11888888888888889,-0.0022222222222222222,-0.01888888888888889,0.017777777777777778
Multi-fidelity M+A+R selector,Train-tuned fixed alpha,enhancement,target_success,100,900,0.12222222222222222,0.13,-0.0077777777777777776,-0.025555555555555554,0.01111111111111111
Multi-fidelity M+A+R selector,Train-tuned fixed alpha,enhancement,neighbor_damage,100,900,0.022222222222222223,0.052222222222222225,-0.03,-0.048888888888888885,-0.014444444444444444
Multi-fidelity M+A+R selector,Train-tuned fixed alpha,enhancement,capability_damage,100,900,0.0011111111111111111,0.0033333333333333335,-0.0022222222222222222,-0.006666666666666667,0.0022222222222222222
