method,layer,n_rows,later_suppression_path_rate,later_enhancement_path_rate,later_target_any_path_rate,later_neighbor_damage_any_path_rate,later_capability_damage_any_path_rate,later_clean_suppression_path_rate,later_clean_enhancement_path_rate,later_clean_any_path_rate
linear,-21,3000,0.058,0.062,0.11633333333333333,0.08833333333333333,0.08433333333333333,0.051666666666666666,0.060333333333333336,0.10833333333333334
linear,-17,3000,0.05333333333333334,0.051333333333333335,0.10233333333333333,0.068,0.071,0.050333333333333334,0.048666666666666664,0.09666666666666666
logistic,-21,3000,0.067,0.06066666666666667,0.12366666666666666,0.09066666666666667,0.09,0.06266666666666666,0.056666666666666664,0.11633333333333333
logistic,-17,3000,0.05733333333333333,0.056666666666666664,0.11233333333333333,0.07433333333333333,0.07066666666666667,0.054,0.05366666666666667,0.106
matched_norm_random,-21,3000,0.050666666666666665,0.04666666666666667,0.09533333333333334,0.082,0.082,0.04733333333333333,0.043,0.08866666666666667
matched_norm_random,-17,3000,0.04666666666666667,0.042333333333333334,0.088,0.07033333333333333,0.071,0.04533333333333334,0.03833333333333333,0.08266666666666667
mean_difference,-21,3000,0.06133333333333333,0.07,0.12833333333333333,0.07866666666666666,0.082,0.056,0.06733333333333333,0.12033333333333333
mean_difference,-17,3000,0.062,0.053,0.11333333333333333,0.07833333333333334,0.07066666666666667,0.05633333333333333,0.051,0.10566666666666667
random,-21,3000,0.050666666666666665,0.04666666666666667,0.09533333333333334,0.082,0.082,0.04733333333333333,0.043,0.08866666666666667
random,-17,3000,0.04666666666666667,0.042333333333333334,0.088,0.07033333333333333,0.071,0.04533333333333334,0.03833333333333333,0.08266666666666667
rfm_agop_top1,-21,3000,0.07066666666666667,0.064,0.131,0.085,0.08966666666666667,0.065,0.06066666666666667,0.123
rfm_agop_top1,-17,3000,0.050666666666666665,0.05333333333333334,0.10233333333333333,0.07533333333333334,0.072,0.04833333333333333,0.050666666666666665,0.09733333333333333
